{"cameraMode":{"drawMode":0,"name":"Shaded","section":"Shading Mode"},"sceneLighting":true,"audioPlay":false,"sceneViewState":{"showFog":true,"showMaterialUpdate":false,"showSkybox":true,"showFlares":true,"showImageEffects":true,"showParticleSystems":true},"in2DMode":false,"pivot":{"x":-0.10531854629516602,"y":0.5116416215896606,"z":1.0029628276824952},"rotation":{"x":-0.14876943826675416,"y":0.7449162602424622,"z":-0.1770893931388855,"w":-0.6257849335670471},"size":43.593048095703128,"orthographic":false}