{"cameraMode":{"drawMode":0,"name":"Shaded","section":"Shading Mode"},"sceneLighting":true,"audioPlay":false,"sceneViewState":{"showFog":true,"showMaterialUpdate":false,"showSkybox":true,"showFlares":true,"showImageEffects":true,"showParticleSystems":true},"in2DMode":false,"pivot":{"x":2.615795135498047,"y":0.2809271812438965,"z":-0.8375401496887207},"rotation":{"x":0.20638306438922883,"y":0.6291557550430298,"z":-0.17841018736362458,"w":0.7278317213058472},"size":4.8829755783081059,"orthographic":false}