{"cameraMode":{"drawMode":0,"name":"Shaded","section":"Shading Mode"},"sceneLighting":true,"audioPlay":false,"sceneViewState":{"showFog":true,"showMaterialUpdate":false,"showSkybox":true,"showFlares":true,"showImageEffects":true,"showParticleSystems":true},"in2DMode":false,"pivot":{"x":1.6890945434570313,"y":-4.673191070556641,"z":21.10373306274414},"rotation":{"x":0.48498788475990298,"y":0.011804996058344841,"z":-0.006549172569066286,"w":0.874416708946228},"size":27.743438720703126,"orthographic":false}