{"cameraMode":{"drawMode":0,"name":"Shaded","section":"Shading Mode"},"sceneLighting":false,"audioPlay":false,"sceneViewState":{"showFog":true,"showMaterialUpdate":false,"showSkybox":true,"showFlares":true,"showImageEffects":true,"showParticleSystems":true},"in2DMode":false,"pivot":{"x":-2.869999885559082,"y":0.9674999713897705,"z":2.9700000286102297},"rotation":{"x":0.44382455945014956,"y":0.055325619876384738,"z":-0.027472028508782388,"w":0.8939822316169739},"size":6.753525257110596,"orthographic":false}