{"cameraMode":{"drawMode":0,"name":"Shaded","section":"Shading Mode"},"sceneLighting":false,"audioPlay":false,"sceneViewState":{"showFog":true,"showMaterialUpdate":false,"showSkybox":true,"showFlares":true,"showImageEffects":true,"showParticleSystems":true},"in2DMode":false,"pivot":{"x":0.20557481050491334,"y":0.3251703977584839,"z":-0.2535671293735504},"rotation":{"x":0.22745421528816224,"y":0.5372722744941711,"z":-0.15322446823120118,"w":0.7975747585296631},"size":1.52213454246521,"orthographic":false}